{
  "metadata": {
    "schemaVersion": "1.0",
    "importType": "LEX",
    "importFormat": "JSON"
  },
  "resource": {
    "name": "riskLevel",
    "version": "1",
    "enumerationValues": [
      {
        "value": "High",
        "synonyms": [
          "Maximum",
          "Largest",
          "Greatest"
        ]
      },
      {
        "value": "Very Low",
        "synonyms": [
          "Minimal",
          "Little",
          "Slightest",
          "Least"
        ]
      },
      {
        "value": "Low",
        "synonyms": [
          "Minimal",
          "Little",
          "Slightest",
          "Least"
        ]
      },
      {
        "value": "Medium",
        "synonyms": [
          "Middle",
          "Average",
          "Moderate"
        ]
      },
      {
        "value": "Very High",
        "synonyms": [
          "Maximum",
          "Largest",
          "Greatest"
        ]
      },
      {
        "value": "None",
        "synonyms": [
          "No",
          "Zero",
          "0"
        ]
      }
    ],
    "valueSelectionStrategy": "TOP_RESOLUTION"
  }
}